13,Sort-on,,,,Div,,Wt Cls,,0,0,,,,,,,,,,,,,,,,,,,,,,$b$9:$b$55,,Setup!O7:O247,,,,,,,,,,,,,,,,,PL Total,$BB$1:$BM$1, Squat  1, Squat  2, Squat  3, Squat  4,Bench 1,Bench 2,Bench 3,Bench 4,Deadlift 1,Deadlift 2,Deadlift 3,Deadlift 4,,,A,0,,,,,,,,,,,,,,,,,,,,,,,,,,,,,,,,,,,,,,,,,,,,,,,,,,,,,,,,,,,,,,,,,,,,,,,,,,,,,,,,,,,,,,,,,,,,,,,,,,,,,,,,,,,
Q18,Tiana Scott,,,,F_OEM_WPC,,82.5,Kg,67540.73,,,,,,,,,GBR,,165,185,-200,,,,,,,,,,,,,,,,,,,,,,,,,,,,,Best Bench,$BB$1:$BE$1,Bench 1,Bench 2,Bench 3,Bench 4,,,,,,,,,,,B,1,,,,,,,,,,,,,,,,,,,,,,,,,,,,,,,,,,,,,,,,,,,,,,,,,,,,,,,,,,,,,,,,,,,,,,,,,,,,,,,,,,,,,,,,,,,,,,,,,,,,,,,,,,,
17,Bench 1,,112.5,,,Kg,112.5,-112.5,2.00,,,,,,,,,,,112.5,-127.5,-127.5,,,,,,,,,,,,,,,,,,,,,,,,,,,,,Best Deadlift,$BB$1:$BE$1,Deadlift 1,Deadlift 2,Deadlift 3,Deadlift 4,,,,,,,,,,,C,2,,,,,,,,,,,,,,,,,,,,,,,,,,,,,,,,,,,,,,,,,,,,,,,,,,,,,,,,,,,,,,,,,,,,,,,,,,,,,,,,,,,,,,,,,,,,,,,,,,,,,,,,,,,
18,Rack - 6 - S0 ,,248.0,,,Lb,Q17,,154.26,,,,,,,,,,,-150,150,160,,,,,,,,,,,,,,,,,,,,,,,,,,,,,Best Squat,$BB$1:$BE$1, Squat  1, Squat  2, Squat  3, Squat  4,,,,,,,,,,,D,3,,,,,,,,,,,,,,,,,,,,,,,,,,,,,,,,,,,,,,,,,,,,,,,,,,,,,,,,,,,,,,,,,,,,,,,,,,,,,,,,,,,,,,,,,,,,,,,,,,,,,,,,,,,
U18,,,,,automatic,,,,00:39:51,,,,,,,,,,,,,,,,,,,,,,,,,,,,,,,,,,,,,,,,,,PL Total,$BB$1:$BM$1, Squat  1, Squat  2, Squat  3, Squat  4,Bench 1,Bench 2,Bench 3,Bench 4,Deadlift 1,Deadlift 2,Deadlift 3,Deadlift 4,,,E,4,,,,,,,,,,,,,,,,,,,,,,,,,,,,,,,,,,,,,,,,,,,,,,,,,,,,,,,,,,,,,,,,,,,,,,,,,,,,,,,,,,,,,,,,,,,,,,,,,,,,,,,,,,,
U1,,,,,,,,,,,,,,,,,,,,,,,,,,,,,,,23,,,,,,,,,,,,,,,,,,,,Push Pull Total,$BB$1:$BI$1,Bench 1,Bench 2,Bench 3,Bench 4,Deadlift 1,Deadlift 2,Deadlift 3,Deadlift 4,,,,,,,F,5,,,,,,,,,,,,,,,,,,,,,,,,,,,,,,,,,,,,,,,,,,,,,,,,,,,,,,,,,,,,,,,,,,,,,,,,,,,,,,,,,,,,,,,,,,,,,,,,,,,,,,,,,,,
$C$10:$C$22,,,,,,,,,,,,,,,,,,,,,,,,,,,,,,,55,$AG$9:$AG$55,,,PL,,,,,,,,,AR10:AR55,,AT10:AT55,,,,,,,,,,,,,,,,,,,,,G,6,,,,,,,,,,,,,,,,,,,,,,,,,,,,,,,,,,,,,,,,,,,,,,,,,,,,,,,,,,,,,,,,,,,,,,,,,,,,,,,,,,,,,,,,,,,,,,,,,,,,,,,,,,,
Sort data,Flt A,Name,Age,Div,BWt (Kg),WtCls (Kg),Glossbrenner,Lot #,RH Sq, Squat  1, Squat  2, Squat  3, Squat  4,Best Squat,RH BP,Bench 1,Bench 2,Bench 3,Bench 4,Best Bench,Sub Total,Deadlift 1,Deadlift 2,Deadlift 3,Deadlift 4,Best Deadlift,PL Total,Coeff Score,Age  & Coeff,Pl code,Pl-Div-WtCl,Tm Pts,Team,Events,Event check,sort #,lbs/kg,PL Total,Push Pull Total,M/F,,valid score?,scoring value,rank,Div wt,Div rank,place,bwt,bwt rank,abs score,,,,,,,,,,,,,,,,,H,7,,,,,,,,,,,,,,,,,,,status, Squat  1, Squat  2, Squat  3, Squat  4,Best Squat,RH BP,Bench 1,Bench 2,Bench 3,Bench  4,Best Bench,Sub Total,Deadlift 1,Deadlift 2,Deadlift 3,Deadlift 4,Best Deadlift,,,,,,,,,,,,,,,,,,,,,,,,,,,,,,,,,,,,,,,,,,,,,,,,,,,,,,,,,,,,,,,,,,,,,,,
,,,,,,,0,,,,,,,0,,,,,,0,0,,,,,0,0,0.000,0.000,,0,0,,,0,,0,0,0,,,0,0.000,#N/A,0,#N/A,#N/A,0,47,0.000,,,,,,,,,,,,,,,,,,,,,,,,,,,,,,,,,,,,,0,0,0,0,0,0,0,0,0,0,0,0,0,0,0,0,0,,,,,,,,,,,,,,,,,,,,,,,,,,,,,,,,,,,,,,,,,,,,,,,,,,,,,,,,,,,,,,,,,,,,,,,,
55,A,Rachel Hookway,25,F_OCR_WPC,59.9,60,0.9889,,5 - OUT,120,127.5,135,,135,3 - S0,55,-60,60,,60,195,147.5,-167.5,167.5,,167.5,362.5,358.476,0.000,1,1-F_OCR_WPC-60,3,GBR,PL,1,0,59.9,362.5,227.5,F,,1,12311014043.000,11,12311,11,1,59.9,43,12311014043.000,,,,,,,,,,,,,,,,,,,,,,,,,,,,,,,,,,,,,0,1,1,1,0,0,0,1,-1,1,0,0,0,1,-1,1,0,,,,,,,,,,,,,,,,,,,,,,,,,,,,,,,,,,,,,,,,,,,,,,,,,,,,,,,,,,,,,,,,,,,,,,,,
60,A,Jennifer Childerhouse,22,F_JCR_WPC,59.9,60,0.9889,,5 - OUT,130,-137.5,140,,140,2 - S0,60,62.5,-65,,62.5,202.5,140,150,155,,155,357.5,353.532,0.000,1,1-F_JCR_WPC-60,3,GBR,PL,1,0,59.9,357.5,217.5,F,,1,15511013043.000,4,15511,4,1,59.9,43,15511013043.000,,,,,,,,,,,,,,,,,,,,,,,,,,,,,,,,,,,,,0,1,-1,1,0,0,0,1,1,-1,0,0,0,1,1,1,0,,,,,,,,,,,,,,,,,,,,,,,,,,,,,,,,,,,,,,,,,,,,,,,,,,,,,,,,,,,,,,,,,,,,,,,,
60,A,Sarah Bickley,51,F_MCR_3_WPC,59.55,60,0.99295,,6 - OUT,120,130,-135,,130,5 - S0,60,65,67.5,,67.5,197.5,145,155,-162.5,,155,352.5,350.015,401.467,1,1-F_MCR_3_WPC-60,3,GBR,PL,1,0,59.6,352.5,222.5,F,,1,18711012045.000,1,18711,1,1,59.55,45,18711012045.000,,,,,,,,,,,,,,,,,,,,,,,,,,,,,,,,,,,,,0,1,1,-1,0,0,0,1,1,1,0,0,0,1,1,-1,0,,,,,,,,,,,,,,,,,,,,,,,,,,,,,,,,,,,,,,,,,,,,,,,,,,,,,,,,,,,,,,,,,,,,,,,,
82.5,A,Charlotte Viccars,28,F_OCR_WPC,54.85,56,1.0606,,4 - OUT,140,150,157.5,,157.5,1 - S0,82.5,85,-87.5,,85,242.5,142.5,150,-157.5,,150,392.5,416.286,0.000,1,1-F_OCR_WPC-56,3,GBR,PL,1,0,54.9,392.5,235,F,,1,12312015046.000,10,12312,10,1,54.85,46,12312015046.000,,,,,,,,,,,,,,,,,,,,,,,,,,,,,,,,,,,,,0,1,1,1,0,0,0,1,1,-1,0,0,0,1,1,-1,0,,,,,,,,,,,,,,,,,,,,,,,,,,,,,,,,,,,,,,,,,,,,,,,,,,,,,,,,,,,,,,,,,,,,,,,,
85,A,Aliya Rashid,32,F_OCR_WPC,86.9,90,0.7625,,6 - OUT,160,175,185,,185,7 - S0,85,95,105,,105,290,190,205,217.5,,217.5,507.5,386.969,0.000,1,1-F_OCR_WPC-90,3,GBR,PL,1,0,86.9,507.5,322.5,F,,1,12307020032.000,13,12307,13,1,86.9,32,12307020032.000,,,,,,,,,,,,,,,,,,,,,,,,,,,,,,,,,,,,,0,1,1,1,0,0,0,1,1,1,0,0,0,1,1,1,0,,,,,,,,,,,,,,,,,,,,,,,,,,,,,,,,,,,,,,,,,,,,,,,,,,,,,,,,,,,,,,,,,,,,,,,,
90,A,Vilhelmiina Sillanpaa,28,F_OEM_WPC,65.85,67.5,0.91665,,3 - OUT,180,205,-220,,205,4 - S0,90,-100,102.5,,102.5,307.5,150,167.5,175,,175,482.5,442.284,0.000,1,1-F_OEM_WPC-67.5,3,FIN,PL,1,0,65.9,482.5,277.5,F,,1,12510018042.000,7,12510,7,1,65.85,42,12510018042.000,,,,,,,,,,,,,,,,,,,,,,,,,,,,,,,,,,,,,0,1,1,-1,0,0,0,1,-1,1,0,0,0,1,1,1,0,,,,,,,,,,,,,,,,,,,,,,,,,,,,,,,,,,,,,,,,,,,,,,,,,,,,,,,,,,,,,,,,,,,,,,,,
90,A,Niccola Hart,41,F_MCR_1_WPC,71.25,75,0.8653,,5 - OUT,135,145,-155,,145,7 - S1 MAT,90,92.5,95,,95,240,165,-170,-170,,165,405,350.447,353.951,1,1-F_MCR_1_WPC-75,3,IRL,PL,1,0,71.3,405,260,F,,1,17109016041.000,3,17109,3,1,71.25,41,17109016041.000,,,,,,,,,,,,,,,,,,,,,,,,,,,,,,,,,,,,,0,1,1,-1,0,0,0,1,1,1,0,0,0,1,-1,-1,0,,,,,,,,,,,,,,,,,,,,,,,,,,,,,,,,,,,,,,,,,,,,,,,,,,,,,,,,,,,,,,,,,,,,,,,,
100,A,Sarah Skehan,36,F_OES_WPC,109.1,110,0.69325,,6 - IN,-240,-240,-252.5,,0,9 - S2 MAT,100,-107.5,-107.5,,100,0,150,-172.5,0,,150,0,0.000,0.000,1,0,0,IRL,PL,1,0,109.1,0,250,F,,0,12705000000.000,6,12705,6,1,109.1,15,12705000000.000,,,,,,,,,,,,,,,,,,,,,,,,,,,,,,,,,,,,,0,-1,-1,-1,0,0,0,1,-1,-1,0,0,0,1,-1,0,0,,,,,,,,,,,,,,,,,,,,,,,,,,,,,,,,,,,,,,,,,,,,,,,,,,,,,,,,,,,,,,,,,,,,,,,,
112.5,A,Tiana Scott,35,F_OEM_WPC,75.85,82.5,0.8295,,5 - OUT,165,185,-200,,185,6 - S0 ,112.5,-127.5,-127.5,,112.5,297.5,-150,150,160,,160,457.5,379.496,0.000,1,1-F_OEM_WPC-82.5,3,GBR,PL,1,0,75.9,457.5,272.5,F,,1,12508017039.000,9,12508,9,1,75.85,39,12508017039.000,,,,,,,,,,,,,,,,,,,,,,,,,,,,,,,,,,,,,0,1,1,-1,0,0,0,1,-1,-1,0,0,0,-1,1,1,0,,,,,,,,,,,,,,,,,,,,,,,,,,,,,,,,,,,,,,,,,,,,,,,,,,,,,,,,,,,,,,,,,,,,,,,,
112.5,A,Viktoria Majoros,23,F_JCR_WPC,79.9,82.5,0.8024,,7 - OUT,175,190,-200,,190,4- S0,112.5,-120,120,,120,310,165,175,185,,185,495,397.188,0.000,1,1-F_JCR_WPC-82.5,3,HUN,PL,1,0,79.9,495,305,F,,1,15508019036.000,5,15508,5,1,79.9,36,15508019036.000,,,,,,,,,,,,,,,,,,,,,,,,,,,,,,,,,,,,,0,1,1,-1,0,0,0,1,-1,1,0,0,0,1,1,1,0,,,,,,,,,,,,,,,,,,,,,,,,,,,,,,,,,,,,,,,,,,,,,,,,,,,,,,,,,,,,,,,,,,,,,,,,
140,A,Elaine Rollo,41,F_MEM_1_WPC,84.1,90,0.7774,,7 - OUT,210,220,-230,,220,6 - S2,140,-150,-150,,140,360,185,-200,-200,,185,545,423.683,427.920,1,1-F_MEM_1_WPC-90,3,GBR,PL,1,0,84.1,545,325,F,,1,17307022034.000,2,17307,2,1,84.1,34,17307022034.000,,,,,,,,,,,,,,,,,,,,,,,,,,,,,,,,,,,,,0,1,1,-1,0,0,0,1,-1,-1,0,0,0,1,-1,-1,0,,,,,,,,,,,,,,,,,,,,,,,,,,,,,,,,,,,,,,,,,,,,,,,,,,,,,,,,,,,,,,,,,,,,,,,,
142.5,A,Julia Mills,46,F_OCR_WPC,80.6,82.5,0.798,,6 - OUT,-220,220,-240,,220,4 - S0,142.5,150,155,,155,375,210,225,240,,240,615,490.770,524.142,1,1-F_OCR_WPC-82.5,3,GBR,PL,1,0,80.6,615,395,F,,1,12308023035.000,12,12308,12,1,80.6,35,12308023035.000,,,,,,,,,,,,,,,,,,,,,,,,,,,,,,,,,,,,,0,-1,1,-1,0,0,0,1,1,1,0,0,0,1,1,1,0,,,,,,,,,,,,,,,,,,,,,,,,,,,,,,,,,,,,,,,,,,,,,,,,,,,,,,,,,,,,,,,,,,,,,,,,
147.5,A,Emma Lahti,21,F_OEM_WPC,72.35,75,0.8563,,5 - OUT,235,252.5,-262.5,,252.5,5 - S1,147.5,155,162.5,,162.5,415,210,230,-240,,230,645,552.314,0.000,1,1-F_OEM_WPC-75,3,FIN,PL,1,0,72.4,645,392.5,F,,1,12509025040.000,8,12509,8,1,72.35,40,12509025040.000,,,,,,,,,,,,,,,,,,,,,,,,,,,,,,,,,,,,,0,1,1,-1,0,0,0,1,1,1,0,0,0,1,1,-1,0,,,,,,,,,,,,,,,,,,,,,,,,,,,,,,,,,,,,,,,,,,,,,,,,,,,,,,,,,,,,,,,,,,,,,,,,
135,B,Martin O'Mahony,44,M_MCR_1_WPC,96.65,100,0.58995,,9 - OUT,205,225,-240,,225,10 - S0,135,145,-152.5,,145,370,260,-280,280,,280,650,383.468,399.957,1,1-M_MCR_1_WPC-100,3,IRL,PL,1,1,96.7,650,425,M,,1,5108026026.000,21,5108,21,1,96.65,26,5108026026.000,,,,,,,,,,,,,,,,,,,,,,,,,,,,,,,,,,,,,0,1,1,-1,0,0,0,1,1,-1,0,0,0,1,-1,1,0,,,,,,,,,,,,,,,,,,,,,,,,,,,,,,,,,,,,,,,,,,,,,,,,,,,,,,,,,,,,,,,,,,,,,,,,
145,B,Joshua Bullard,20,M_JCR_WPC,88.95,90,0.6157,,9 - OUT,230,-240,-240,,230,8 - S0,145,-150,-150,,145,375,225,240,-255,,240,615,378.656,0.000,1,1-M_JCR_WPC-90,3,GBR,PL,1,1,89,615,385,M,,1,3509023030.000,24,3509,24,1,88.95,30,3509023030.000,,,,,,,,,,,,,,,,,,,,,,,,,,,,,,,,,,,,,0,1,-1,-1,0,0,0,1,-1,-1,0,0,0,1,1,-1,0,,,,,,,,,,,,,,,,,,,,,,,,,,,,,,,,,,,,,,,,,,,,,,,,,,,,,,,,,,,,,,,,,,,,,,,,
145,B,Kalvis Birze,25,M_OCR_WPC,78.55,82.5,0.66585,,7 - OUT,250,275,0,,275,11 - S0,145,155,0,,155,430,260,285,305,,305,735,489.400,0.000,1,1-M_OCR_WPC-82.5,3,GBR,PL,1,1,78.6,735,460,M,,1,310029037.000,40,310,40,1,78.55,37,310029037.000,,,,,,,,,,,,,,,,,,,,,,,,,,,,,,,,,,,,,0,1,1,0,0,0,0,1,1,0,0,0,0,1,1,1,0,,,,,,,,,,,,,,,,,,,,,,,,,,,,,,,,,,,,,,,,,,,,,,,,,,,,,,,,,,,,,,,,,,,,,,,,
150,B,Keenan Freer,25,M_OCR_WPC,89.5,90,0.61375,,7 - OUT,-300,300,315,,315,7 - S1 MAT,150,165,-170,,165,480,280,-300,-300,,280,760,466.450,0.000,1,1-M_OCR_WPC-90,3,GBR,PL,1,1,89.5,760,445,M,,1,309030028.000,41,309,41,1,89.5,28,309030028.000,,,,,,,,,,,,,,,,,,,,,,,,,,,,,,,,,,,,,0,-1,1,1,0,0,0,1,1,-1,0,0,0,1,-1,-1,0,,,,,,,,,,,,,,,,,,,,,,,,,,,,,,,,,,,,,,,,,,,,,,,,,,,,,,,,,,,,,,,,,,,,,,,,
152.5,B,Derek Abbott,40,M_MCR_1_WPC,78.05,82.5,0.66875,,6 - OUT,260,280,0,,280,9 - S0,152.5,-160,160,,160,440,250,270,280,,280,720,481.500,481.500,1,1-M_MCR_1_WPC-82.5,3,IRL,PL,1,1,78.1,720,440,M,,1,5110028038.000,20,5110,20,1,78.05,38,5110028038.000,,,,,,,,,,,,,,,,,,,,,,,,,,,,,,,,,,,,,0,1,1,0,0,0,0,1,-1,1,0,0,0,1,1,1,0,,,,,,,,,,,,,,,,,,,,,,,,,,,,,,,,,,,,,,,,,,,,,,,,,,,,,,,,,,,,,,,,,,,,,,,,
160,B,Harrison Fleetwood,34,M_OCR_WPC,115.75,125,0.55535,,11 - OUT,270,-300,0,,270,9 - S1MAT,160,170,182.5,,182.5,452.5,75,0,0,,75,527.5,292.947,0.000,1,2-M_OCR_WPC-125,3,GBR,PL,1,1,115.8,527.5,257.5,M,,1,306021011.000,46,306,45,2,115.75,11,306021011.000,,,,,,,,,,,,,,,,,,,,,,,,,,,,,,,,,,,,,0,1,-1,0,0,0,0,1,1,1,0,0,0,1,0,0,0,,,,,,,,,,,,,,,,,,,,,,,,,,,,,,,,,,,,,,,,,,,,,,,,,,,,,,,,,,,,,,,,,,,,,,,,
170,B,Jon May,32,M_OCR_WPC,98.4,100,0.58535,,6 - IN,280,-300,-300,,280,6 - S0,170,180,-185,,180,460,280,300,0,,300,760,444.866,0.000,1,3-M_OCR_WPC-100,3,GBR,PL,1,1,98.4,760,480,M,,1,308030022.000,44,308,42,3,98.4,22,308030022.000,,,,,,,,,,,,,,,,,,,,,,,,,,,,,,,,,,,,,0,1,-1,-1,0,0,0,1,1,-1,0,0,0,1,1,0,0,,,,,,,,,,,,,,,,,,,,,,,,,,,,,,,,,,,,,,,,,,,,,,,,,,,,,,,,,,,,,,,,,,,,,,,,
170,B,Eetu Sieppi,29,M_OCR_WPC,94.55,100,0.59615,,5 - OUT,320,345,360,,360,8 - S0,170,185,195,,195,555,300,-330,330,,330,885,527.593,0.000,1,2-M_OCR_WPC-100,3,FIN,PL,1,1,94.6,885,525,M,,1,308040027.000,43,308,42,2,94.55,27,308040027.000,,,,,,,,,,,,,,,,,,,,,,,,,,,,,,,,,,,,,0,1,1,1,0,0,0,1,1,1,0,0,0,1,-1,1,0,,,,,,,,,,,,,,,,,,,,,,,,,,,,,,,,,,,,,,,,,,,,,,,,,,,,,,,,,,,,,,,,,,,,,,,,
180,B,Aaron McDonnell,22,M_JCR_WPC,114.55,125,0.55665,,10 - OUT,265,285,302.5,,302.5,9 - S0,180,195,200,,200,502.5,260,-285,285,,285,787.5,438.362,0.000,1,1-M_JCR_WPC-125,3,IRL,PL,1,1,114.6,787.5,485,M,,1,3506032012.000,26,3506,26,1,114.55,12,3506032012.000,,,,,,,,,,,,,,,,,,,,,,,,,,,,,,,,,,,,,0,1,1,1,0,0,0,1,1,1,0,0,0,1,-1,1,0,,,,,,,,,,,,,,,,,,,,,,,,,,,,,,,,,,,,,,,,,,,,,,,,,,,,,,,,,,,,,,,,,,,,,,,,
180,B,Ties-Arink Van Der Meer,21,M_JCR_WPC,110,110,0.5625,,10 - IN,260,300,-335,,300,9- S2,-180,180,0,,180,480,275,315,-350,,315,795,447.188,0.000,1,1-M_JCR_WPC-110,3,NLD,PL,1,1,110,795,495,M,,1,3507034013.000,25,3507,25,1,110,13,3507034013.000,,,,,,,,,,,,,,,,,,,,,,,,,,,,,,,,,,,,,0,1,1,-1,0,0,0,-1,1,0,0,0,0,1,1,-1,0,,,,,,,,,,,,,,,,,,,,,,,,,,,,,,,,,,,,,,,,,,,,,,,,,,,,,,,,,,,,,,,,,,,,,,,,
185,B,Robin Morley,40,M_MCR_1_WPC,138.35,140,0.53245,,13 - IN,290,312.5,330,,330,10 - S3,185,195,205,,205,535,300,317.5,-332.5,,317.5,852.5,453.914,453.914,1,1-M_MCR_1_WPC-140,3,GBR,PL,1,1,138.4,852.5,522.5,M,,1,5105037004.000,22,5105,22,1,138.35,4,5105037004.000,,,,,,,,,,,,,,,,,,,,,,,,,,,,,,,,,,,,,0,1,1,1,0,0,0,1,1,1,0,0,0,1,1,-1,0,,,,,,,,,,,,,,,,,,,,,,,,,,,,,,,,,,,,,,,,,,,,,,,,,,,,,,,,,,,,,,,,,,,,,,,,
185,B,David Chevron ,46,M_MCR_2_WPC,139.05,140,0.53185,,9 - OUT,285,-295,0,,285,10 - S0,185,-195,0,,185,470,360,-370,-370,,360,830,441.436,471.453,1,1-M_MCR_2_WPC-140,3,FRA,PL,1,1,139.1,830,545,M,,1,5905036003.000,17,5905,17,1,139.05,3,5905036003.000,,,,,,,,,,,,,,,,,,,,,,,,,,,,,,,,,,,,,0,1,-1,0,0,0,0,1,-1,0,0,0,0,1,-1,-1,0,,,,,,,,,,,,,,,,,,,,,,,,,,,,,,,,,,,,,,,,,,,,,,,,,,,,,,,,,,,,,,,,,,,,,,,,
190,B,AJ Cronin,36,M_OCR_WPC,123.2,125,0.54755,,9 - IN,315,335,350,,350,11- S0,190,200,-205,,200,550,305,317.5,325,,325,875,479.106,0.000,1,1-M_OCR_WPC-125,3,IRL,PL,1,1,123.2,875,525,M,,1,306039007.000,45,306,45,1,123.2,7,306039007.000,,,,,,,,,,,,,,,,,,,,,,,,,,,,,,,,,,,,,0,1,1,1,0,0,0,1,1,-1,0,0,0,1,1,1,0,,,,,,,,,,,,,,,,,,,,,,,,,,,,,,,,,,,,,,,,,,,,,,,,,,,,,,,,,,,,,,,,,,,,,,,,
200,B,Maximilian Kleinwachter,28,M_OCR_WPC,97.45,100,0.58775,,7 - IN,340,372.5,-400,,372.5,8 - S0,200,210,-215,,210,582.5,280,300,310,,310,892.5,524.567,0.000,1,1-M_OCR_WPC-100,3,DEU,PL,1,1,97.5,892.5,520,M,,1,308042023.000,42,308,42,1,97.45,23,308042023.000,,,,,,,,,,,,,,,,,,,,,,,,,,,,,,,,,,,,,0,1,1,-1,0,0,0,1,1,-1,0,0,0,1,1,1,0,,,,,,,,,,,,,,,,,,,,,,,,,,,,,,,,,,,,,,,,,,,,,,,,,,,,,,,,,,,,,,,,,,,,,,,,
160,C,Dave Pollock,41,M_MEM_1_WPC,106.6,110,0.5678,,9 - IN,320,350,-365,,350,10 - S3,160,180,-190,,180,530,260,-285,-285,,260,790,448.562,453.048,1,1-M_MEM_1_WPC-110,3,GBR,PL,1,2,106.6,790,440,M,,1,5307033019.000,18,5307,18,1,106.6,19,5307033019.000,,,,,,,,,,,,,,,,,,,,,,,,,,,,,,,,,,,,,0,1,1,-1,0,0,0,1,1,-1,0,0,0,1,-1,-1,0,,,,,,,,,,,,,,,,,,,,,,,,,,,,,,,,,,,,,,,,,,,,,,,,,,,,,,,,,,,,,,,,,,,,,,,,
180,C,Shane Beveridge,33,M_OEM_WPC,89.05,90,0.6153,,10 - IN,280,-300,-300,,280,7 - S0,-180,180,0,,180,460,220,-240,0,,220,680,418.404,0.000,1,2-M_OEM_WPC-90,3,GBR,PL,1,2,89.1,680,400,M,,1,509027029.000,28,509,27,2,89.05,29,509027029.000,,,,,,,,,,,,,,,,,,,,,,,,,,,,,,,,,,,,,0,1,-1,-1,0,0,0,-1,1,0,0,0,0,1,-1,0,0,,,,,,,,,,,,,,,,,,,,,,,,,,,,,,,,,,,,,,,,,,,,,,,,,,,,,,,,,,,,,,,,,,,,,,,,
185,C,Craig Cassie,30,M_OEM_WPC,108.15,110,0.5652,,9 - IN,-300,-300,0,,0,8 - S0,185,200,-230,,200,0,250,262.5,-272.5,,262.5,0,0.000,0.000,1,0,0,GBR,PL,1,2,108.2,0,462.5,M,,0,507000000.000,33,507,32,2,108.15,17,507000000.000,,,,,,,,,,,,,,,,,,,,,,,,,,,,,,,,,,,,,0,-1,-1,0,0,0,0,1,1,-1,0,0,0,1,1,-1,0,,,,,,,,,,,,,,,,,,,,,,,,,,,,,,,,,,,,,,,,,,,,,,,,,,,,,,,,,,,,,,,,,,,,,,,,
195,C,Boris Tromp,21,M_JEM_WPC,87.85,90,0.62225,,7 - IN,320,340,-355,,340,7 - S1,-195,-195,-195,,0,0,280,-300,312.5,,312.5,0,0.000,0.000,1,0,0,NLD,PL,1,2,87.9,0,0,M,,0,3709000000.000,23,3709,23,1,87.85,31,3709000000.000,,,,,,,,,,,,,,,,,,,,,,,,,,,,,,,,,,,,,0,1,1,-1,0,0,0,-1,-1,-1,0,0,0,1,-1,1,0,,,,,,,,,,,,,,,,,,,,,,,,,,,,,,,,,,,,,,,,,,,,,,,,,,,,,,,,,,,,,,,,,,,,,,,,
200,C,Dean Gartland,36,M_OEM_WPC,85.9,90,0.63095,,5 - OUT,300,325,350,,350,7 -S0,200,-212.5,-220,,200,550,235,250,-260,,250,800,504.760,0.000,1,1-M_OEM_WPC-90,3,IRL,PL,1,2,85.9,800,450,M,,1,509035033.000,27,509,27,1,85.9,33,509035033.000,,,,,,,,,,,,,,,,,,,,,,,,,,,,,,,,,,,,,0,1,1,1,0,0,0,1,-1,-1,0,0,0,1,1,-1,0,,,,,,,,,,,,,,,,,,,,,,,,,,,,,,,,,,,,,,,,,,,,,,,,,,,,,,,,,,,,,,,,,,,,,,,,
220,C,Johan Frisk,32,M_OEM_WPC,99.1,100,0.58355,,7 - IN,340,370,-390,,370,7 - S0,220,-230,0,,220,590,280,-305,-307.5,,280,870,507.689,0.000,1,2-M_OEM_WPC-100,3,FIN,PL,1,2,99.1,870,500,M,,1,508038021.000,30,508,29,2,99.1,21,508038021.000,,,,,,,,,,,,,,,,,,,,,,,,,,,,,,,,,,,,,0,1,1,-1,0,0,0,1,-1,0,0,0,0,1,-1,-1,0,,,,,,,,,,,,,,,,,,,,,,,,,,,,,,,,,,,,,,,,,,,,,,,,,,,,,,,,,,,,,,,,,,,,,,,,
220,C,Marto Metselaar,31,M_OEM_WPC,121.05,125,0.5498,,8 - IN,410,-425,425,,425,7 - S0,220,-240,240,,240,665,275,300,-312.5,,300,965,530.557,0.000,1,3-M_OEM_WPC-125,3,NLD,PL,1,2,121.1,965,540,M,,1,506044009.000,37,506,35,3,121.05,9,506044009.000,,,,,,,,,,,,,,,,,,,,,,,,,,,,,,,,,,,,,0,1,-1,1,0,0,0,1,-1,1,0,0,0,1,1,-1,0,,,,,,,,,,,,,,,,,,,,,,,,,,,,,,,,,,,,,,,,,,,,,,,,,,,,,,,,,,,,,,,,,,,,,,,,
220,C,John Walsh,27,M_OEM_WPC,97.35,100,0.588,,7 - OUT,320,340,350,,350,8- S0,220,230,235,,235,585,280,300,315,,315,900,529.200,0.000,1,1-M_OEM_WPC-100,3,GBR,PL,1,2,97.4,900,550,M,,1,508043024.000,29,508,29,1,97.35,24,508043024.000,,,,,,,,,,,,,,,,,,,,,,,,,,,,,,,,,,,,,0,1,1,1,0,0,0,1,1,1,0,0,0,1,1,1,0,,,,,,,,,,,,,,,,,,,,,,,,,,,,,,,,,,,,,,,,,,,,,,,,,,,,,,,,,,,,,,,,,,,,,,,,
225,C,Stephen Gordon,35,M_OEM_WPC,106.95,110,0.5671,,6 - IN,340,355,-367.5,,355,9 - S3 ,-225,-225,-225,,0,0,-280,280,295,,295,0,0.000,0.000,1,0,0,GBR,PL,1,2,107,0,0,M,,0,507000000.000,33,507,32,2,106.95,18,507000000.000,,,,,,,,,,,,,,,,,,,,,,,,,,,,,,,,,,,,,0,1,1,-1,0,0,0,-1,-1,-1,0,0,0,-1,1,1,0,,,,,,,,,,,,,,,,,,,,,,,,,,,,,,,,,,,,,,,,,,,,,,,,,,,,,,,,,,,,,,,,,,,,,,,,
230,C,Justin Garrison,35,M_OEM_WPC,99.95,100,0.5813,,7 - IN,330,-345,-365,,330,7 - S3,230,250,-275,,250,580,-290,0,0,,0,0,0.000,0.000,1,0,0,USA,PL,1,2,100,0,0,M,,0,508000000.000,31,508,29,3,99.95,20,508000000.000,,,,,,,,,,,,,,,,,,,,,,,,,,,,,,,,,,,,,0,1,-1,-1,0,0,0,1,1,-1,0,0,0,-1,0,0,0,,,,,,,,,,,,,,,,,,,,,,,,,,,,,,,,,,,,,,,,,,,,,,,,,,,,,,,,,,,,,,,,,,,,,,,,
235,C,Samuel Colgan,31,M_OEM_WPC,108.3,110,0.565,,7 - IN,350,365,-372.5,,365,7 - S0,-235,235,245,,245,610,-280,280,-300,,280,890,502.850,0.000,1,1-M_OEM_WPC-110,3,IRL,PL,1,2,108.3,890,525,M,,1,507041016.000,32,507,32,1,108.3,16,507041016.000,,,,,,,,,,,,,,,,,,,,,,,,,,,,,,,,,,,,,0,1,1,-1,0,0,0,-1,1,1,0,0,0,-1,1,-1,0,,,,,,,,,,,,,,,,,,,,,,,,,,,,,,,,,,,,,,,,,,,,,,,,,,,,,,,,,,,,,,,,,,,,,,,,
250,C,Robert Kiely,39,M_OEM_WPC,139.75,140,0.53125,,7 - IN,380,-420,-420,,380,9 - S2,-250,-250,-280,,0,0,-260,260,290,,290,0,0.000,0.000,1,0,0,IRL,PL,1,2,139.8,0,0,M,,0,505000000.000,38,505,38,1,139.75,2,505000000.000,,,,,,,,,,,,,,,,,,,,,,,,,,,,,,,,,,,,,0,1,-1,-1,0,0,0,-1,-1,-1,0,0,0,-1,1,1,0,,,,,,,,,,,,,,,,,,,,,,,,,,,,,,,,,,,,,,,,,,,,,,,,,,,,,,,,,,,,,,,,,,,,,,,,
260,C,Eliot Page,31,M_OEM_WPC,119.35,125,0.55155,,7 IN,400,-430,430,,430,9,260,267.5,-272.5,,267.5,697.5,302.5,322.5,330,,330,1027.5,566.718,0.000,1,1-M_OEM_WPC-125,3,GBR,PL,1,2,119.4,1027.5,597.5,M,,1,506046010.000,35,506,35,1,119.35,10,506046010.000,,,,,,,,,,,,,,,,,,,,,,,,,,,,,,,,,,,,,0,1,-1,1,0,0,0,1,1,-1,0,0,0,1,1,1,0,,,,,,,,,,,,,,,,,,,,,,,,,,,,,,,,,,,,,,,,,,,,,,,,,,,,,,,,,,,,,,,,,,,,,,,,
260,C,Adam Hindle,37,M_OEM_WPC,162.4,SHW,0.51415,,10 - IN,345,365,-380,,365,10 - S3,260,272.5,-282.5,,272.5,637.5,300,340,-362.5,,340,977.5,502.582,0.000,1,1-M_OEM_WPC-SHW,3,GBR,PL,1,2,162.4,977.5,612.5,M,,1,504045001.000,39,504,39,1,162.4,1,504045001.000,,,,,,,,,,,,,,,,,,,,,,,,,,,,,,,,,,,,,0,1,1,-1,0,0,0,1,1,-1,0,0,0,1,1,-1,0,,,,,,,,,,,,,,,,,,,,,,,,,,,,,,,,,,,,,,,,,,,,,,,,,,,,,,,,,,,,,,,,,,,,,,,,
272.5,C,John Pollard,53,M_OEU_WPC,138.1,140,0.53275,,,,,,,0,10 - S0,-272.5,-272.5,-302.5,,0,0,,,,,0,0,0.000,0.000,1,0,0,GBR,BP,0,2,138.1,0,0,M,,0,11905000000.000,15,11905,15,1,138.1,5,11905000000.000,,,,,,,,,,,,,,,,,,,,,,,,,,,,,,,,,,,,,0,0,0,0,0,0,0,-1,-1,-1,0,0,0,0,0,0,0,,,,,,,,,,,,,,,,,,,,,,,,,,,,,,,,,,,,,,,,,,,,,,,,,,,,,,,,,,,,,,,,,,,,,,,,
285,C,Scott Neary,34,M_OEM_WPC,122.4,125,0.54845,,8 - IN,400,-420,420,,420,7- S0,285,295,300,,300,720,285,300,307.5,,307.5,1027.5,563.532,0.000,1,2-M_OEM_WPC-125,3,GBR,PL,1,2,122.4,1027.5,607.5,M,,1,506046008.000,36,506,35,2,122.4,8,506046008.000,,,,,,,,,,,,,,,,,,,,,,,,,,,,,,,,,,,,,0,1,-1,1,0,0,0,1,1,1,0,0,0,1,1,1,0,,,,,,,,,,,,,,,,,,,,,,,,,,,,,,,,,,,,,,,,,,,,,,,,,,,,,,,,,,,,,,,,,,,,,,,,
360,C,Kalle Eemeli Ylitalo - James,41,M_MEM_1_WPC,133.25,140,0.53705,,9 - IN,350,-370,-370,,350,10 - S0,-360,-375,-387.5,,0,0,0,,,,0,0,0.000,0.000,1,0,0,FIN,PL,1,2,133.3,0,0,M,,0,5305000000.000,19,5305,19,1,133.25,6,5305000000.000,,,,,,,,,,,,,,,,,,,,,,,,,,,,,,,,,,,,,0,1,-1,-1,0,0,0,-1,-1,-1,0,0,0,0,0,0,0,,,,,,,,,,,,,,,,,,,,,,,,,,,,,,,,,,,,,,,,,,,,,,,,,,,,,,,,,,,,,,,,,,,,,,,,
,C,Shane Brodie,50,M_MEM_3_WPC,97.25,100,0.58825,,4 - IN,355,-380,0,,355,8 - S2,0,,,,0,0,0,,,,0,0,0.000,0.000,1,0,0,IRL,PL,1,2,97.3,0,0,M,,0,6908000000.000,16,6908,16,1,97.25,25,6908000000.000,,,,,,,,,,,,,,,,,,,,,,,,,,,,,,,,,,,,,0,1,-1,0,0,0,0,0,0,0,0,0,0,0,0,0,0,,,,,,,,,,,,,,,,,,,,,,,,,,,,,,,,,,,,,,,,,,,,,,,,,,,,,,,,,,,,,,,,,,,,,,,,
,C,Dan Stewart,31,M_OEU_WPC,109.2,110,0.56365,,,,,,,0,8 - S4,0,,,,0,0,,,,,0,0,0.000,0.000,1,0,0,GBR,BP,0,2,109.2,0,0,M,,0,11907000000.000,14,11907,14,1,109.2,14,11907000000.000,,,,,,,,,,,,,,,,,,,,,,,,,,,,,,,,,,,,,0,0,0,0,0,0,0,0,0,0,0,0,0,0,0,0,0,,,,,,,,,,,,,,,,,,,,,,,,,,,,,,,,,,,,,,,,,,,,,,,,,,,,,,,,,,,,,,,,,,,,,,,,
